Conf.,Award,Time,Topic,Room,Name,Type
,,Sunday 09 November 2014,,,,
,,Full Day,,,,
VAST,,8:30 – 19:00,VAST Challenge,Scene C,"Kristin, Georges Grinstein, Mark Whiting",Workshops
,,Half Day,,,,
VIS,,8:30 – 19:00,Visualizing Electronic Health Record Data,Scene B,"Catherine Plaisant, Silvia Miksch, Theresia Gschwandtner, Sana Malik",Workshops
VIS,,8:30 – 19:00,DECISIVe: Dealing with Cognitive Biases in Visualizations,Auditorium,"Geoffrey Ellis, David Peebles, Donald Kretz, Gaëlle Lortal",Workshops
VIS,,8:30 – 19:00,Towards an Open Visualization Literacy Testing Platform,Forum ABC,"Sung-Hee Kim, Jeremy Boy, Sukwon Lee, Ji Soo Yi, Niklas Elmqvist",Workshops
VIS,,8:30 – 19:00,3DVis: Does 3D really  make sense for Data Visualization?,Scene DEF,"Thierry Duval, Pascale Kuntz, Jérôme Royan, Wolfgang Stuerzlinger, Gilles Venturini",Workshops
VIS,,8:30 – 19:00,Visualization Analysis and Design,Forum GHIJ,Tamara Munzner ,Tutorials
VIS,,14:00 – 17:55,Death of the Desktop – Envisioning Visualization without Desktop Computing,Scene B,"Yvonne Jansen, Petra Isenberg, Jason Dykes, Sheelagh Carpendale, Sriram Subramanian, Daniel F. Keefe",Workshops
VIS,,14:00 – 17:55,Visualization for Predictive Analytics,Auditorium,"Enrico Bertini, Adam Perer, Ross Maciejewski, Jimeng Sun",Workshops
VIS,,14:00 – 17:55,Opening the Black Box of Interaction in Visualization,Forum ABC,"Hans-Jörg Schulz, Tatiana von Landesberger, Dominikus Baur",Tutorials
VIS,,14:00 – 17:55,Visualization and Analysis with Python,Scene DEF,"Jonathan Woodring, Julien Jomier, Joseph Cottam, Peter Wang",Tutorials
VIS,,14:00 – 17:55,"""Where Do I Start"" Practical Methods for the Design Studies in Information Visualization and Visual Analysis",Forum GHIJ,"Laura McNamara, Kerstan Cole, Susan Stevens-Adams",Tutorials
,,,,,,
LDAV,,14:00 – 15:40,LDAV Opening Remarks & Day 1 Fast Forward,Scene A,Anders Ynnerman,Keynote
,,,,,,
LDAV,,16:15 – 17:45,Exploiting Modern Architectures for Visualization,Scene A,,Papers Session
LDAV,,16:15 – 17:45,Visualizing Large 3D Geodesic Grid Data with Massively Distributed GPUs,,"Jinrong Xie, Hongfeng Yu, Kwan-Liu Ma",Papers
LDAV,,16:15 – 17:45,Multi-Threaded Streamline Tracing for Data-Intensive Architectures,,"Ming Jiang, Brian Van Essen, Cyrus Harrison, Maya Gokhale",Papers
LDAV,,16:15 – 17:45,Cache-Aware Sampling Strategies for Texture-Based Ray Casting on GPU,,"Junpeng Wang, Fei Yang, Yong Cao",Papers
,,,,,,
LDAV,,17:45 – 17:55,LDAV Posters Fast Forward,Scene A,,
,,,,,,
,,Monday 10 November 2014,,,,
,,Half Day,,,,
VIS,,8:30 – 12:10,Provenance for Sensemaking,Scene B,"Kai Xu, Simon Attfield, TJ Jankun-Kelly",Workshops
VIS,,8:30 – 12:10,Applying Color Theory to Visualization,Forum ABC,Theresa-Marie Rhyne ,Tutorials
VIS,,8:30 – 12:10,Glyph-based Visualization,Scene DEF,"Rita Borgo, Min Chen, Eamon Maguire, Sine McDougall, Matthew Ward",Tutorials
VIS,,8:30 – 12:10,Best Practice of Visual Design. A Hands-on Tutorials for Data Explorers and Visual Makers,Forum GHIJ,"Ana Florescu, James Godwin",Tutorials
VIS,,14:00 – 17:55,business|vis|14,Scene B,"Rahul C. Basole, Steven Drucker, Jörn Kohlhammer, Jack J. van Wijk",Workshops
VIS,,14:00 – 17:55,Everything Except the Chart: Developing Complex Web-based Visualizations,Forum ABC,"Dominikus Baur, Moritz Stefaner",Tutorials
VIS,,14:00 – 17:55,"Introduction to Tensor Field Visualization: Concepts, Processing and Visualization",Scene DEF,"Ingrid Hotz, Anna Vilanova, Thomas Schultz, Eugene Zhang",Tutorials
VIS,,14:00 – 17:55,Answering Questions We Did Not Know How To Ask,Forum GHIJ,Alfred Iselberg,Tutorials
,,,,,,
,,Full Day,,,,
,,VizSec,,Scene C,,
VizSec,,8:30 – 8:45,Welcome,Scene C,Kirsten Whitley,
,,,,,,
VizSec,,8:45 – 8:45,Security at the Pace of Change: Story Telling with Security Viz,Scene C,Dan Hubbard,Keynote
,,,,,,
VizSec,,9:45 – 10:10,Poster Fast Forward,Scene C,,Fast Forward
,,,,,,
VizSec,,10:30 – 12:10,General,Scene C,,Papers Session
VizSec,,10:30 – 12:10,Visualization Evaluation for Cyber Security: Trends and Future Directions ,Scene C,"Diane Staheli, Yu Tamara, R. Jordan Crouser, Suresh Damodaran, Kevin Nam, David O'Gwynn, Lane Harrison and Sean McKenna",Papers
VizSec,,10:30 – 12:10,Multiple Queries with Conditional Attributes (QCATs) for Anomaly Detection and Visualization ,Scene C,"Simon Walton, Eamonn Maguire and Min Chen",Papers
VizSec,,10:30 – 12:10,NStreamAware: Real-Time Visual Analytics for Data Streams to Enhance Situational Awareness ,Scene C,Fabian Fischer and Daniel A. Keim,Papers
VizSec,,10:30 – 12:10,IMap: Visualizing Network Activity over Internet Maps ,Scene C,"J. Joseph Fowler, Thienne Johnson, Paolo Simonetto, Michael Schneider, Carlos Acedo, Stephen Kobourov and Loukas Lazos",Papers
,,,,,,
VizSec,,2:00 – 3:40,Networks,Scene C,,Papers Session
VizSec,,2:00 – 3:40,7 Key Challenges for Visualization in Cyber Network Defense ,Scene C,"Daniel Best, Alex Endert and Daniel Kidwell",Papers
VizSec,,2:00 – 3:40,Visual Filter: Graphical Exploration of Network Security Log Files ,Scene C,"Jan-Erik Stange, Johannes Landstorfer, Marian Dörk and Reto Wettach",Papers
VizSec,,2:00 – 3:40,"CORGI: Combination, Organization and Reconstruction through Graphical Interactions ",Scene C,"Christopher Humphries, Nicolas Prigent, Christophe Bidan and Frédéric Majorczyk",Papers
VizSec,,2:00 – 3:40,OCEANS – Online Collaborative Explorative Analysis on Network Security ,Scene C,"Siming Chen, Cong Guo, Xiaoru Yuan, Fabian Merkle, Hanna Schaefer and Thomas Ertl",Papers
,,,,,,
VizSec,,4:15 – 5:55,Malware,Scene C,,Papers Session
VizSec,,4:15 – 5:55,Problem Characterization and Abstraction for Visual Analytics in Behavior-Based Malware Pattern Analysis ,Scene C,"Markus Wagner, Wolfgang Aigner, Alexander Rind, Hermann Dornhackl, Konstantin Kadletz, Robert Luh and Paul Tavolato",Papers
VizSec,,4:15 – 5:55,Detecting Malware Samples with Similar Image Sets ,Scene C,"Alexander Long, Josh Saxe and Robert Gove",Papers
VizSec,,4:15 – 5:55,SEEM: A Scalable Visualization for Comparing Multiple Large Sets of Attributes for Malware Analysis ,Scene C,"Robert Gove, Joshua Saxe, Sigfried Gold, Alex Long and Giacomo Bergamo",Papers
VizSec,,4:15 – 5:55,DAVAST: Data-centric Activity Visualization at the System Level ,Scene C,"Tobias Wüchner, Alexander Pretschner and Martin Ochoa",Papers
,,,,,,
VizSec,,6:00 – 7:00,Poster Session,,,
,,,,,,
,,LDAV,,,,
LDAV,,8:30 – 8:40,LDAV Day 2 Fast-Forward,Scene A,Anders Ynnerman,Fast Forward
,,,,,,
LDAV,,8:40 – 10:10,Foundational Techniques for Large and Complex Data,Scene A,,Papers Session
LDAV,,8:40 – 10:10,Data-Parallel Halo Finding with Variable Linking Lengths,Scene A,"Wathsala Widanagamaachchi, Peer-Timo Bremer, Christopher Sewell, Li-Ta Lo, James Ahrens, Valerio Pascucci",Papers
LDAV,,8:40 – 10:10,Multivariate Volume Visualization through Dynamic Projections,Scene A,"Shusen Liu, Shusen Liu, Jayaraman J. Thiagarajan, Peer-Timo Bremer, Valerio Pascucci",Papers
LDAV,,8:40 – 10:10,ADR Visualization: A Generalized Framework for Ranking Large-Scale Scientific Data using Analysis-Driven Refinement,Scene A,"Boonthanome Nouanesengsy, Jonathan Woodring, Kary Myers, John Patchett, James Ahrens",Papers
,,,,,,
LDAV,,10:40 – 12:10,In Situ Visualization of Large Data,Scene A,,Papers Session
LDAV,,10:40 – 12:10,In-situ multi-resolution and temporal data compression for visual exploration of large-scale scientific simulations,Scene A,"Henry Lehmann, Bernhard Jung",Papers
LDAV,,10:40 – 12:10,Space-Time Volumetric Depth Images for In-Situ Visualization,Scene A,"Oliver Fernandes, Steffen Frey, Filip Sadlo, Thomas Ertl",Papers
LDAV,,10:40 – 12:10,Improved Post Hoc Flow Analysis Via Lagrangian Representations,Scene A,"Alexy Agranovsky, David Camp, Christoph Garth, E. Wes Bethel, Kenneth I. Joy, Hank Childs",Papers
,,,,,,
LDAV,,14:00 – 15:30,Applications to Very Large Data Sets,Scene A,,Papers Session
LDAV,,14:00 – 15:30,Visual Analysis of Large Dental Imaging Data in Caries Research,Scene A,"Guangchen Ruan, Hui Zhang",Papers
LDAV,,14:00 – 15:30,Visual Analytics of Large-Scale Climate Model Data,Scene A,"Pak Chung Wong, Han-Wei Shen, Ruby Leung, Samson Hagos, Teng-Yok Lee, Xin Tong, Kewei Lu",Papers
LDAV,,14:00 – 15:30,Out-of-Core Visualization of Time-Varying Hybrid-Grid Volume Data,Scene A,"Min Shih, Yubo Zhang, Kwan-Liu Ma, Jayanarayanan Sitaraman, Dimitri Mavriplis",Papers
,,,,,,
LDAV,,15:30 – 15:40,LDAV Awards and Closing,Scene A,,
,,,,,,
,,BELIV,,,,
BELIV,,8:30 – 8:45,Introduction,Auditorium,,
,,,,,,
BELIV,,8:50 – 9:25,Bad Stats are Miscommunicated Stats,Auditorium,Pierre Dragicevic,Keynote
,,,,,,
BELIV,,9:30 – 10:10,Rethinking Evaluation Level: Abstracted Task vs In Situ Evaluation,Auditorium,Heidi Lam,Papers Session
BELIV,,9:30 – 10:10,Visualizing Dimensionally-Reduced Data: Interviews with Analysts and a Characterization of Task Sequences,Auditorium,"Matthew Brehmer, Michael Sedlmair, Stephen Ingram, Tamara Munzner",Papers
BELIV,,9:30 – 10:10,User Tasks for Evaluation: Untangling the Terminology Throughout Visualization Design and Development,Auditorium,"Alexander Rind, Wolfgang Aigner, Markus Wagner, Silvia Miksch, Tim Lammarsch",Papers
BELIV,,9:30 – 10:10,Considerations for Characterizing Domain Problems,Auditorium,"Kirsten Winters, Denise Lach, Judith Cushing",Papers
BELIV,,9:30 – 10:10,Navigating Reductionism and Holism in Evaluation,Auditorium,"Michael Correll, Eric Alexander, Danielle Albers, Alper Sarikaya, Michael Gleicher",Papers
,,,,,,
BELIV,,10:30 – 11:15,Cognitive Processes and Interaction,Auditorium,Petra Isenberg,Papers Session
BELIV,,10:30 – 11:15,Evaluation Methodology for Comparing Memory and Communication of Analytic Processes in Visual Analytics,Auditorium,"Eric Ragan, John Goodall",Papers
BELIV,,10:30 – 11:15,Just the other side of the coin? From error- to insight-analysis,Auditorium,Michael Smuc,Papers
BELIV,,10:30 – 11:15,Evaluating User Behavior and Strategy During Visual Exploration,Auditorium,"Khairi Reda, Andrew Johnson, Jason Leigh, Michael Papka",Papers
BELIV,,10:30 – 11:15,Value-Driven Evaluation of Visualizations,Auditorium,John Stasko,Papers
,,,,,,
BELIV,,11:15 – 11:50,New Techniques I: Eye Tracking,Auditorium,Tobias Isenberg,Papers Session
BELIV,,11:15 – 11:50,Benchmark Data for Evaluating Visualization and Analysis Techniques for Eye Tracking for Video Stimuli,Auditorium,"Kuno Kurzhals, Daniel Weiskopf",Papers
BELIV,,11:15 – 11:50,Evaluating Visual Analytics with Eye Tracking,Auditorium,"Kuno Kurzhals, Brian Fisher, Daniel Weiskopf, Michael Burch",Papers
BELIV,,11:15 – 11:50,Towards Analyzing Eye Tracking Data for Evaluating Interactive Visualization Systems,Auditorium,"Tanja Blascheck, Thomas Ertl",Papers
,,,,,,
BELIV,,11:50 – 12:20,New Techniques II: Crowdsourcing,Auditorium,Michael Sedlmair,Papers Session
BELIV,,11:50 – 12:20,Evaluation Methodology for Comparing Memory and Communication of Analytic Processes in Visual Analytics,Auditorium,"Eric Ragan, John Goodall",Papers
BELIV,,11:50 – 12:20,Gamification as a Paradigm for the Evaluation of Visual Analytics Systems,Auditorium,"Nafees Ahmed, Klaus Mueller",Papers
BELIV,,11:50 – 12:20,Repeated Measures Design in Crowdsourcing-based Experiments for Visualization,Auditorium,"Alfie Abdul-Rahman, Karl Proctor, Brian Duffy, Min Chen",Papers
,,,,,,
BELIV,,14:00 – 14:55,Adopting methods from other fields,Auditorium,Heidi Lam,Papers Session
BELIV,,14:00 – 14:55,Evaluation of information visualization techniques: analysing user experience with reaction cards,Auditorium,Tanja Merčun,Papers
BELIV,,14:00 – 14:55,Toward Visualization-Specific Heuristic Evaluation,Auditorium,"Alvin Tarrell, Ann Fruhling, Rita Borgo, Jean Scholtz, Georges Grinstein, Camilla Forsell",Papers
BELIV,,14:00 – 14:55,Experiences and Challenges with Evaluation Methods in Practice: A Case Study,Auditorium,"Simone Kriglstein, Margit Pohl, Nikolaus Suchy, Theresia Gschwandtner, Silvia Miksch, Johannes Gärtner",Papers
BELIV,,14:00 – 14:55,More Bang for Your Research Buck: Toward Recommender Systems for Visual Analytics,Auditorium,"Leslie Blaha, Dustin Arendt, Fairul Mohd-Zaid",Papers
BELIV,,14:00 – 14:55,Sanity Check for Class-coloring-based Evaluation of Dimension Reduction techniques,Auditorium,Michaël Aupetit,Papers
,,,,,,
BELIV,,14:55 – 15:35,Experience Reports,Auditorium,Michael Sedlmair,Papers Session
BELIV,,14:55 – 15:35,Oopsy-Daisy: Failure Stories in Quantitative Evaluation Studies for Visualizations,Auditorium,"Sung-Hee Kim, Ji Soo Yi, Niklas Elmqvist",Papers
BELIV,,14:55 – 15:35,"Pre-Design Empiricism for Information Visualization: Scenarios, Methods, and Challenges",Auditorium,"Matthew Brehmer, Sheelagh Carpendale, Bongshin Lee, Melanie Tory",Papers
BELIV,,14:55 – 15:35,Field Experiment Methodology for Pair Analytics,Auditorium,"Linda Kaastra, Brian Fisher",Papers
BELIV,,14:55 – 15:35,Utility Evaluation of Models,Auditorium,"Jean Scholtz, Oriana Love, Mark Whiting, Duncan Hodges, Lia Emanuel, Danae Stanton Fraser",Papers
,,,,,,
BELIV,,15:35 – 15:40,Brief Introduction to break-out groups,Auditorium,,
,,,,,,
BELIV,,16:15 – 17:50,Break-out group discussions,Auditorium,,
,,,,,,
,,Tuesday 11 November 2014,,,,
VIS,,8:00 – 9:30,Keynote: The Island of Knowledge and the Shorelines of Wonder. Visualization and Infographics for an Enlightned World,Scene ABC,Alberto Cairo,Keynote
VIS,,9:30 – 10:00,VIS Paper Fast Forward,Scene ABC,,
,,,,,,
VAST,,10:30 – 12:10,Fundamentals of Visual Analytics,Scene C,Patricia Crossno,Papers Session
VAST,,10:30 – 12:10,Knowledge Generation Model for Visual Analytics,Scene C,"Dominik Sacha, Andreas Stoffel, Florian Stoffel, Bum Chul Kwon, Geoffrey Ellis, Daniel Keim",Papers
VAST,,10:30 – 12:10,INFUSE: Interactive Feature Selection for Predictive Modelling of High Dimensional Data,Scene C,"Josua Krause, Adam Perer, Enrico Bertini",Papers
VAST,,10:30 – 12:10,Transforming Scagnostics to Reveal Hidden Features,Scene C,"Tuan Dang, Leland Wilkinson",Papers
VAST,,10:30 – 12:10,"Towards Interactive, Intelligent, and Integrated Multimedia Analytics",Scene C,"Jan Zahálka, Marcel Worring",Papers
,,,,,,
InfoVis,,10:30 – 12:20,Techniques,Scene B,Nathalie Henry-Riche,Papers Session
InfoVis,,10:30 – 12:20,UpSet: Visualization of Intersecting Sets,Scene B,"Alexander Lex, Nils Gehlenborg, Hendrik Strobelt, Romain Vuillemot, Hanspeter Pfister",Papers
InfoVis,,10:30 – 12:20,OnSet: A visualization technique for large-scale binary set data,Scene B,"Ramik Sadana, Timothy Major, Alistair Dove, John Stasko",Papers
InfoVis,,10:30 – 12:20,DimpVis: Exploring Time-varying Information Visualizations by Direct Manipulation,Scene B,"Brittany Kondo, Christopher Collins",Papers
InfoVis,,10:30 – 12:20,Axis Calibration for Improving Data Attribute Estimation in Star Coordinates Plots,Scene B,"Manuel Rubio-Sánchez, Alberto Sanchez",Papers
InfoVis,HM,10:30 – 12:20,"Domino: Extracting, Comparing, and Manipulating Subsets across Multiple Tabular Datasets",Scene B,"Samuel Gratzl, Nils Gehlenborg, Alexander Lex, Hanspeter Pfister, Marc Streit",Papers
,,,,,,
SciVis,,10:30 – 12:10,Volume Visualization Systems,Scene A,Chris Johnson,Papers Session
SciVis,,10:30 – 12:10,Predicate-based Focus-and-Context Visualization for 3D Ultrasound,Scene A,"Christian Schulte zu Berge, Maximilian Baust, Nassir Navab, Ankur Kapoor",Papers
SciVis,,10:30 – 12:10,ViSlang: A System for Interpreted Domain-Specific Languages for Scientific Visualization,Scene A,"Peter Rautek, Stefan Bruckner, Eduard Gröller, Markus Hadwiger",Papers
SciVis,,10:30 – 12:10,Interactive Progressive Visualization with Space-Time Error Control,Scene A,"Steffen Frey, Filip Sadlo, Kwan-Liu Ma, Thomas Ertl",Papers
SciVis,,10:30 – 12:10,Vivaldi: A Domain-Specific Language for Volume Processing and Visualization on Distributed Heterogeneous Systems,Scene A,"HyungSuk Choi, Woohyuk Choi, Tran Minh Quan, David Hildebrand, Hanspeter Pfister, Won-Ki Jeong",Papers
,,,,,,
VIS,,14:00 – 15:40,Data with a cause: Visualization for policy change,Auditorium,"Greg McInerny, Scott David, Toby Green, Tariq Khokhar",Panels
,,,,,,
VAST,,14:00 – 15:40,Empowering Users in Visual Analytics,Scene C,Jonathan Roberts,Papers Session
VAST,BP,14:00 – 15:40,Supporting Communication and Coordination in Collaborative Sensemaking,Scene C,"Narges Mahyar, Melanie Tory",Papers
VAST,,14:00 – 15:40,Opening the Black Box: Strategies for Increased User Involvement in Existing Algorithm Implementations,Scene C,"Thomas Mühlbacher, Harald Piringer, Samuel Gratzl, Michael Sedlmair, Marc Streit",Papers
VAST,,14:00 – 15:40,Progressive Visual Analytics: User-Driven Visual Exploration of In-Progress Analytics,Scene C,"Charles D. Stolper, Adam Perer, David Gotz",Papers
VAST,,14:00 – 15:40,Finding Waldo: Learning about Users from their Interactions,Scene C,"Eli T. Brown, Alvitta Ottley, Jieqiong Zhao, Quan Lin, Richard Souvenir, Alex Endert, Remco Chang",Papers
VAST,,14:00 – 15:40,Interactive Visual Analysis of Image-Centric Cohort Study Data,Scene C,"Paul Klemm, Steffen Oeltze, Kai Lawonn, Kathrin Hegenscheid, Henry Völzke, Bernhard Preim",Papers
,,,,,,
InfoVis,,14:00 – 15:40,Maps & Trees,Scene B,Remco Chang,Papers Session
InfoVis,,14:00 – 15:40,Analyzing Multivariate Geographical Data,Scene B,"Cagatay Turkay, Aidan Slingsby, Helwig Hauser, Jo Wood, Jason Dykes",Papers
InfoVis,,14:00 – 15:40,Origin-Destination Flow Data Smoothing and Mapping,Scene B,"Diansheng Guo, Xi Zhu",Papers
InfoVis,,14:00 – 15:40,Stenomaps: Shorthand for Shapes,Scene B,"Arthur van Goethem, Andreas Reimer, Bettina Speckmann, Jo Wood",Papers
InfoVis,,14:00 – 15:40,Nmap: A Novel Neighborhood Preservation Space-filling Algorithm,Scene B,"Felipe S. L. G. Duarte, Fabio Sikansi, Francisco M. Fatore, Samuel G. Fadel, Fernando V. Paulovich",Papers
InfoVis,,14:00 – 15:40,Tree Colors: Color Schemes for Tree-Structured Data,Scene B,"Martijn Tennekes, Edwin de Jonge",Papers
,,,,,,
SciVis,,14:00 – 15:40,Scalar Analysis and Volume Rendering,Scene A,Hammish Carr,Papers Session
SciVis,,14:00 – 15:40,Sparse PDF Volumes for Consistent Multi-Resolution Volume Rendering,Scene A,"Ronell Sicat, Jens Krueger, Torsten Möller, Markus Hadwiger",Papers
SciVis,,14:00 – 15:40,Multiscale Symmetry Detection in Scalar Fields by Clustering Contours,Scene A,"Dilip Thomas, Vijay Natarajan",Papers
SciVis,,14:00 – 15:40,Low-Pass Filtered Volumetric Shadows,Scene A,"Marco Ament, Filip Sadlo, Carsten Dachsbacher, Daniel Weiskopf",Papers
SciVis,,14:00 – 15:40,Boundary Aware Reconstruction of Scalar Fields,Scene A,"Stefan Lindholm, Daniel Jönsson, Charles Hansen, Anders Ynnerman",Papers
SciVis,,14:00 – 15:40,Direct Isosurface Ray Casting of NURBS-based Isogeometric Analysis,Scene A,"Andre Schollmeyer, Bernd Froehlich",Papers
,,,,,,
VAST,,16:15 – 17:55,Clustering and Classification,Scene C,Jimmy Johansson,Papers Session
VAST,,16:15 – 17:55,Visual Abstraction and Exploration of Multi-class Scatterplots,Scene C,"Haidong Chen, Wei Chen, Honghui Mei, Zhiqi Liu, Kun Zhou, Weifeng Chen, Wentao Gu, Kwan-Liu Ma",Papers
VAST,,16:15 – 17:55,Cupid: Cluster-based Exploration of Geometry Generators with Parallel Coordinates and Radial Trees,Scene C,"Michael Beham, Wolfgang Herzner, Eduard Gröller, Johannes Kehrer",Papers
VAST,,16:15 – 17:55,Visual Methods for Analyzing Probabilistic Classification Data,Scene C,"Bilal Alsallakh, Allan Hanbury, Helwig Hauser, Silvia Miksch, Andreas Rauber",Papers
VAST,,16:15 – 17:55,A Five-Level Design Framework for Bicluster Visualizations,Scene C,"Maoyuan Sun, Chris North, Naren Ramakrishnan",Papers
VAST,,16:15 – 17:55,VarifocalReader -- In-Depth Visual Analysis of Large Text Documents,Scene C,"Steffen Koch, Markus John, Michael Wörner, Andreas Müller, Thomas Ertl",Papers
,,,,,,
InfoVis,,16:15 – 17:55,Networks,Scene B,Tim Dwyer,Papers Session
InfoVis,BP,16:15 – 17:55,Multivariate Network Exploration and Presentation: From Detail to Overview via Selections and Aggregations,Scene B,"Stef van den Elzen, Jarke J. van Wijk",Papers
InfoVis,,16:15 – 17:55,GLO-STIX: Graph-Level Operations for Specifying Techniques and Interactive eXploration,Scene B,"Charles D. Stolper, Minsuk Kahng, Zhiyuan Lin, Florian Foerster, Aakash Goel, John Stasko, Duen Horng Chau",Papers
InfoVis,,16:15 – 17:55,A Modular Degree-of-Interest Specification for the Visual Analysis of Large Dynamic Networks,Scene B,"James Abello, Steffen Hadlak, Heidrun Schumann, Hans-Jörg Schulz",Papers
InfoVis,,16:15 – 17:55,GraphDiaries: Animated Transitions and Temporal Navigation for Dynamic Networks,Scene B,"Benjamin Bach, Emmanuel Pietriga, Jean-Daniel Fekete",Papers
InfoVis,,16:15 – 17:55,Visual Adjacency Lists for Dynamic Graphs,Scene B,"Marcel Hlawatsch, Michael Burch, Daniel Weiskopf",Papers
InfoVis,,16:15 – 17:55,How to Display Group Information on Node-Link Diagrams: an Evaluation,Scene B,"Radu Jianu, Adrian Rusu, Yifan Hu, Douglas Taggart",Papers
,,,,,,
SciVis,,16:15 – 17:55,Perception and Evaluation,Scene A,Daniel F. Keefe,Papers Session
SciVis,,16:15 – 17:55,An Evaluation of Depth Enhancing Perceptual Cues for Vascular Volume Visualization in Neurosurgery,Scene A,"Marta Kersten-Oertel, Sean J. Chen, D. Louis Collins",Papers
SciVis,,16:15 – 17:55,Perceptually Uniform Motion Space,Scene A,"Asmund Birkeland, Cagatay Turkay, Ivan Viola",Papers
SciVis,,16:15 – 17:55,A Metric for the Evaluation of Dense Vector Field Visualizations,Scene A,"Victor Matvienko, Jens Kruger",Papers
SciVis,,16:15 – 17:55,Attractive Flicker: Guiding Attention in Dynamic Narrative Visualizations,Scene A,"Manuela Waldner, Mathieu Le Muzic, Matthias Bernhard, Werner Purgathofer, Ivan Viola",Papers
SciVis,,16:15 – 17:55,Design and Evaluation of Interactive Proofreading Tools for Connectomics,Scene A,"Daniel Haehn, Seymour Knowles-Barley, Mike Roberts, Johanna Beyer, Narayanan Kasthuri, Jeff W. Lichtman, Hanspeter Pfister",Papers
,,,,,,
VIS,,18:00 – 20:30,Meet the Candidates,Forum ABC,,Compass
,,,,,,
,,Wednesday 12 November 2014,,,,
VIS,,8:00 – 8:30,Papers Fast Forward,Scene B,,Fast Forward
,,,,,,
VISAP,,8:30 – 12:10,VISAP Papers: Art+Interpretation,Auditorium,,Papers Session
VISAP,,8:30 – 12:10,Art+Interpretation,Auditorium,"Angus Forbes, Fanny Chevalier",Papers
VISAP,,8:30 – 12:10,"What Public Visualization Can Learn from Street Art,",Auditorium,"Sandy Claes, Andrew Vande Moere",Papers
VISAP,,8:30 – 12:10,PhysicSpace: From Quantum to Human Scale,Auditorium,"Kevin Walker, Karin von Ompteda",Papers
VISAP,,8:30 – 12:10,Beyond Data: Abstract Motionscapes as Affective Visualization,Auditorium,"Chao Feng, Lyn Bartram, Diane Gromala",Papers
VISAP,,8:30 – 12:10,"Expressive Cartography and the Aesthetics of Public Visualization,",Auditorium,"Patricio Davila, Dave Colangelo, Maggie Chan, Robert Tu",Papers
VISAP,,8:30 – 12:10,Painting with Flow,Auditorium,"Corinna Vehlow, Fabian Beck, Daniel Weiskopf",Papers
VISAP,,8:30 – 12:10,Node-Ring Graph Visualization Clears Edge Congestion,Auditorium,"Katayoon Etemad, Sheelagh Carpendale, Faramarz Samavati",Papers
VISAP,,8:30 – 12:10,"Staging Data Visualization Installations in Physical Locations,",Auditorium,"George Legrady, Angus Forbes",Papers
VISAP,,8:30 – 12:10,The Living Canvas: Interactive Chloroplasts,Auditorium,"Margaret Dolinsky, Roger Hangarter",Papers
VISAP,,8:30 – 12:10,Analogy and Conceptual Blending are Part of a Visualization Toolkit for Artists and Scientists,Auditorium,Jack Ox,Papers
VISAP,,8:30 – 12:10,Visualization on Spherical Displays: Challenges and Opportunities,Auditorium,"Karla Vega, Eric Wernert, Patrick Beard, Cassandre Gniady, David Reagan, Michael Boyles, Chris Eller",Papers
VISAP,,8:30 – 12:10,Automatically Generating Animations From Escher’s Images,Auditorium,Danny Bazo,Papers
VISAP,,8:30 – 12:10,Spatial Correlation: An Interactive Display of Virtual Gesture Sculpture,Auditorium,"Jung Nam, Daniel F. Keefe",Papers
VISAP,,8:30 – 12:10,Application of Gestalt Principles to Multimodal Data Representation,Auditorium,"Muhammad Hafiz Wan Rosli, Andres Cabrera",Papers
VISAP,,8:30 – 12:10,Shanghai Metro Flow - Multiple Perspectives into a Subway System,Auditorium,"Till Nagel, Benedikt Groß",Papers
VISAP,,8:30 – 12:10,"Hearts and Minds: The Interrogations Project,",Auditorium,"Roderick Coover, Scott Rettberg, Daria Tsoupikova, Arthur Nishimoto",Papers
VISAP,,8:30 – 12:10,"Flows: Manifesting CO2 Emissions,",Auditorium,"Duncan Shingleton, Mark Kobine",Papers
VISAP,,8:30 – 12:10,"Smellmap: Amsterdam – Olfactory Art & Smell Visualisation,",Auditorium,Kate McLean,Papers
,,,,,,
VAST,,8:30 – 10:10,Visual Analytics in Societal Applications,Scene C,Daniel Keim,Papers Session
VAST,HM,8:30 – 10:10,LoyalTracker: Visualizing Loyalty Dynamics in Search Engines,Scene C,"Conglei Shi, Yingcai Wu, Shixia Liu, Hong Zhou, Huamin Qu",Papers
VAST,,8:30 – 10:10,VAET: A Visual Analytics Approach for E-transactions Timeseries,Scene C,"Cong Xie, Wei Chen, Xinxin Huang, Yueqi Hu, Scott Barlowe, Jing Yang",Papers
VAST,,8:30 – 10:10,EvoRiver: Visual Analysis of Topic Coopetition on Social Media,Scene C,"Guodao Sun, Yingcai Wu, Shixia Liu, Tai-Quan Peng, Jonathan Zhu, Ronghua Liang",Papers
VAST,,8:30 – 10:10,OpinionFlow: Visual Analysis of Opinion Diffusion on Social Media,Scene C,"Yingcai Wu, Shixia Liu, Kai Yan, Mengchen Liu, Fangzhao Wu",Papers
VAST,HM,8:30 – 10:10,#FluxFlow: Visual Analysis of Anomalous Information Spreading on Social Media,Scene C,"Jian Zhao, Nan Cao, Zhen Wen, Yale Song, Yu-Ru Lin, Christopher Collins",Papers
,,,,,,
InfoVis,,8:30 – 10:10,Interaction & Authoring,Scene B,Bongshin Lee,Papers Session
InfoVis,,8:30 – 10:10,Revisiting Bertin matrices: New Interactions for Crafting Tabular Visualizations,Scene B,"Charles Perin, Pierre Dragicevic, Jean-Daniel Fekete",Papers
InfoVis,,8:30 – 10:10,iVisDesigner: Expressive Interactive Design of Information Visualizations,Scene B,"Donghao Ren, Tobias Höllerer, Xiaoru Yuan",Papers
InfoVis,,8:30 – 10:10,Constructing Visual Representations: Investigating the Use of Tangible Tokens,Scene B,"Samuel Huron, Yvonne Jansen, Sheelagh Carpendale",Papers
InfoVis,,8:30 – 10:10,PanoramicData: Data Analysis through Pen & Touch,Scene B,"Emanuel Zgraggen, Robert Zeleznik, Steven Drucker",Papers
InfoVis,,8:30 – 10:10,Munin: A Peer-to-Peer Middleware for Ubiquitous Analytics and Visualization Spaces,Scene B,"Sriram Karthik Badam, Eli Raymond Fisher, Niklas Elmqvist",Papers
,,,,,,
SciVis,,8:30 – 10:10,Biomedical and Molecular Visualization,Scene A,Johanna Beyer,Papers Session
SciVis,,8:30 – 10:10,Characterizing Molecular Interactions in Chemical Systems,Scene A,"David Guenther, Roberto Alvarez Boto, Julia Contreras Garcia, Jean-Philip Piquemal, Julien Tierny",Papers
SciVis,,8:30 – 10:10,Ligand Excluded Surface : A New Type of Molecular Surface,Scene A,"Norbert Lindow, Daniel Baum, Hans-Christian Hege",Papers
SciVis,,8:30 – 10:10,ADR - Anatomy-Driven Reformation,Scene A,"Jan Kretschmer, Grzegorz Soza, Christian Tietjen, Michael Suehling, Bernhard Preim, Marc Stamminger",Papers
SciVis,,8:30 – 10:10,Combined Visualization of Wall Thickness and Wall Shear Stress for the Evaluation of Aneurysms,Scene A,"Sylvia Glasser, Kai Lawonn, Thomas Hoffmann, Martin Skalej, Bernhard Preim",Papers
SciVis,BP,8:30 – 10:10,Visualization of Brain Microstructure through Spherical Harmonics Illumination of High Fidelity Spatio-Angular Fields,Scene A,"Sujal Bista, Jiachen Zhou, Rao Gullapalli, Amitabh Varshney",Papers
,,,,,,
VAST,,10:30 – 12:10,Visual Analytics of Spatiotemporal Activities,Scene C,Alex Endert,Papers Session
VAST,,10:30 – 12:10,Feature Driven Visual Analytics of Soccer Data,Scene C,"Halldór Janetzko, Dominik Sacha, Manuel Stein, Tobias Schreck, Oliver Deussen, Daniel Keim",Papers
VAST,,10:30 – 12:10,Baseball4D: A Tool for Baseball Game Reconstruction & Visualization,Scene C,"Carlos Dietrich, David Koop, Huy Vo, Claudio Silva",Papers
VAST,,10:30 – 12:10,A System for Visual Analysis of Radio Signal Data,Scene C,"Tarik Crnovrsanin, Chris Muelder, Kwan-Liu Ma",Papers
VAST,,10:30 – 12:10,Feedback-Driven Interactive Exploration of Large Multidimensional Data Supported by Visual Classifier,Scene C,"Michael Behrisch, Fatih Korkmaz, Lin Shao, Tobias Schreck",Papers
VAST,,10:30 – 12:10,An Integrated Visual Analysis System for Fusing MR Spectroscopy and Multi-Modal Radiology Imaging,Scene C,"Miguel Nunes, Benjamin Rowland, Matthias Schlachter, Soleakhena Ken, Krešimir Matković, Anne Laprie, Katja Bühler",Papers
,,,,,,
InfoVis,,10:30 – 12:10,Exploratory Data Analysis,Scene B,Adam Perer,Papers Session
InfoVis,,10:30 – 12:10,The Effects of Interactive Latency on Exploratory Visual Analysis,Scene B,"Zhicheng Liu, Jeffrey Heer",Papers
InfoVis,,10:30 – 12:11,Visualizing Statistical Mix Effects and Simpson’s Paradox,Scene B,"Zan Armstrong, Martin Wattenberg",Papers
InfoVis,,10:30 – 12:11,Error Bars Considered Harmful: Exploring Alternate Encodings for Mean and Error,Scene B,"Michael Correll, Michael Gleicher",Papers
InfoVis,,10:30 – 12:12,Four Experiments on the Perception of Bar Charts,Scene B,"Justin Talbot, Vidya Setlur, Anushka Anand",Papers
InfoVis,,10:30 – 12:12,Visual Parameter Space Analysis: A Conceptual Framework,Scene B,"Michael Sedlmair, Christoph Heinzl, Harald Piringer, Stefan Bruckner, Torsten Möller",Papers
,,,,,,
SciVis,,10:30 – 12:10,Feature Extraction and Flows,Scene A,Chaoli Wang,Papers Session
SciVis,HM,10:30 – 12:10,A Robust Parity Test for Extracting Parallel Vectors in 3D,Scene A,"Tao Ju, Minxin Cheng, Xu Wang, Ye Duan",Papers
SciVis,,10:30 – 12:11,Exploring Flow Fields Using Space-filling Analysis of Streamlines,Scene A,"Abon Chaudhuri, Teng-Yok Lee, Han-Wei Shen, Rephael Wenger",Papers
SciVis,,10:30 – 12:11,Vortex Cores of Inertial Particles,Scene A,"Tobias Günther, Holger Theisel",Papers
SciVis,,10:30 – 12:12,The Natural Helmholtz-Hodge Decomposition For Open-Boundary Flow Analysis,Scene A,"Harsh Bhatia, Valerio Pascucci, Peer-Timo Bremer",Papers
SciVis,,10:30 – 12:12,FLDA: Latent Dirichlet Allocation Based Unsteady Flow Analysis,Scene A,"Fan Hong, Chufan Lai, Hanqi Guo, Xiaoru Yuan, Enya Shen, Sikun Li",Papers
,,,,,,
VIS,,14:00 – 15:40,Funding Opportunities for V.I.S. Research in Horizon 2020,Scene C,"Jörn Kohlhammer, Philippe Quevauviller, Teresa de Martino, William Wong, Daniel Keim, Brian Fisher",Panels
,,,,,,
InfoVis,,14:00 – 15:40,Design Process & Persuasion,Scene B,Michael Sedlmair,Papers Session
InfoVis,,14:00 – 15:40,Attribute Signatures: Dynamic Visual Summaries for Analyzing Moving beyond sequential design: Reflections on a rich multichannel approach to data visualization,Scene B,"Jo Wood, Roger Beecham, Jason Dykes",Papers
InfoVis,HM,14:00 – 15:40,An Algebraic Process for Visualization Design,Scene B,"Gordon Kindlmann, Carlos Scheidegger",Papers
InfoVis,,14:00 – 15:40,Design Activity Framework for Visualization Design,Scene B,"Sean McKenna, Dominika Mazur, James Agutter, Miriah Meyer",Papers
InfoVis,,14:00 – 15:40,Activity Sculptures: Exploring the Impact of Physical Visualizations on Running Activity,Scene B,"Simon Stusak, Aurélien Tabard, Franziska Sauka, Rohit Ashok Khot, Andreas Butz",Papers
InfoVis,,14:00 – 15:40,The Persuasive Power of Data Visualization,Scene B,"Anshul Vikram Pandey, Anjali Manivannan, Oded Nov, Margaret Satterthwaite, Enrico Bertini",Papers
,,,,,,
SciVis,,14:00 – 15:40,"Flowline Tracing, Clustering, and Visualization",Scene A,Tino Weinkauf,Papers Session
SciVis,,14:00 – 15:40,Advection-Based Sparse Data Management for Visualizing Unsteady Flow,Scene A,"Hanqi Guo, Jiang Zhang, Richen Liu, Lu Liu, Xiaoru Yuan, Jian Huang, Xiangfei Meng, Jingshan Pan",Papers
SciVis,,14:00 – 15:40,Trajectory-based Flow Feature Tracking in Joint Particle/ Volume Datasets,Scene A,"Franz Sauer, Hongfeng Yu, Kwan-Liu Ma",Papers
SciVis,,14:00 – 15:40,Interpolation-Based Pathline Tracing in Particle-Based Flow Visualization,Scene A,"Jennifer Chandler, Harald Obermaier, Ken Joy",Papers
SciVis,,14:00 – 15:40,Blood Flow Clustering and Applications in Virtual Stenting of Intracranial Aneurysms,Scene A,"Steffen Oeltze, Dirk J. Lehmann, Alexander Kuhn, Gábor Janiga, Holger Theisel, Bernhard Preim",Papers
SciVis,,14:00 – 15:40,A Deformation Framework for Focus + Context Flow Visualization,Scene A,"Jun Tao, Chaoli Wang, Ching-Kuang Shene, Seung Hyun Kim",Papers
,,,,,,
VAST,,16:15 – 17:55,Visual Analysis of Relationships,Scene C,Margit Pohl,Papers Session
VAST,,16:15 – 17:55,An Insight- and Task-based Methodology for Evaluating Spatiotemporal Visual Analytics,Scene C,"Steven Gomez, Hua Guo, Caroline Ziemkiewicz, David H. Laidlaw",Papers
VAST,,16:15 – 17:55,Weaving a Carpet from Log Entries: a Network Security Visualization Built with Co-Creation,Scene C,"Johannes Landstorfer, Ivo Herrmann, Jan-Erik Stange, Marian Dörk, Reto Wettach",Papers
VAST,,16:15 – 17:55,"Analyzing High-dimensional Multivariate Network Links with Integrated Anomaly Detection, Highlighting and Exploration",Scene C,"Sungahn Ko, Shehzad Afzal, Simon Walton, Yang Yang, Junghoon Chae, Abish Malik, Yun Jang, Min Chen, David Ebert",Papers
VAST,,16:15 – 17:55,Visual Analysis of Patterns in Multiple Amino Acid Mutation Graphs,Scene C,"Olav Lenz, Frank Keul, Sebastian Bremm, Kay Hamacher, Tatiana von Landesberger",Papers
VAST,,16:15 – 17:55,Visual Analysis of Patterns in Multiple Amino Acid Mutation Graphs,Scene C,"Fei Wang, Wei Chen, Feiran Wu, Ye Zhao, Han Hong, Tianyu Gu, Long Wang, Ronghua Liang, Hujun Bao",Papers
,,,,,,
VIS,,16:15 – 17:55,Challenges in Financial Visualization,Scene B,"Richard Brath, Lancelot Comrie, David Keller, Elaine Knuth, Eugene Sorenson",Panels
,,,,,,
SciVis,,16:15 – 17:55,IEEE Scientific Visualization Contest,Scene A,"David Feng, Bernd Hentschel",Contest
,,,,,,
VIS,,18:00 – 19:00,VIS Poster + Art Program Viewing,"Scene ABC, Forum GHIJ",,Posters
,,,,,,
VIS,,19:30 – 21:30,VIS Banquet,,,Banquet
,,,,,,
,,Thursday 13 November 2014,,,,
VIS,,8:00 – 8:30,Papers Fast Forward,Scene B,,Fast Forward
,,,,,,
VIS,,10:30 – 12:10,Bridging the Gap: Translating Perception and Cognition Expertise into Visualization Research and Practice,Auditorium,"Georges-Pierre Bonneau, Rita Borgo, Brian Fisher, Michael Gleicher, Timo Ropinski, Colin Ware",Panels
,,,,,,
VAST,,8:30 – 10:10,Searching and Tracking,Scene C,William Pike,Papers Session
VAST,,8:30 – 10:10,DecisionFlow: Visual Analytics for High-Dimensional Temporal Event Sequence Data,Scene C,"David Gotz, Harry Stavropoulos",Papers
VAST,,8:30 – 10:10,Footprints: A Visual Search Tool that Supports Discovery and Coverage Tracking,Scene C,"Ellen Isaacs, Kelly Domico, Shane Ahern, Eugene Bart, Mudita Singhal",Papers
VAST,,8:30 – 10:10,Visual Analytics for Complex Engineering Systems: Hybrid Visual Steering of Simulation Ensembles,Scene C,"Krešimir Matković, Denis Gračanin, Rainer Splechtna, Mario Jelović, Benedikt Stehno, Helwig Hauser, Werner Purgathofer",Papers
VAST,,8:30 – 10:10,Visual Exploration of Sparse Traffic Trajectory Data,Scene C,"Zuchao Wang, Tangzhi Ye, Min Lu, Xiaoru Yuan, Huamin Qu, Jacky Yuan, Qianliang Wu",Papers
VAST,,8:30 – 10:10,DIA2: Web-based Cyberinfrastructure for Visual Analysis of Funding Portfolio,Scene C,"Krishna Madhavan, Niklas Elmqvist, Mihaela Vorvoreanu, Xin Chen, Yuet Ling Wong, Hanjun Xian, Zhihua Dong, Aditya Johri",Papers
,,,,,,
InfoVis,,8:30 – 10:10,Evaluation,Scene B,Heidi Lam,Papers Session
InfoVis,,8:30 – 10:10,Comparative Eye Tracking Study on Node-Link Visualizations of Trajectories,Scene B,"Rudolf Netzel, Michael Burch, Daniel Weiskopf",Papers
InfoVis,,8:30 – 10:10,"Node, Node-Link, and Node-Link-Group Diagrams: An Evaluation",Scene B,"Bahador Saket, Paolo Simonetto, Stephen Kobourov, Katy Borner",Papers
InfoVis,,8:30 – 10:10,The Not-so-Staggering Effect of Staggered Animated Transitions on Visual Tracking,Scene B,"Fanny Chevalier, Pierre Dragicevic, Steven Franconeri",Papers
InfoVis,,8:30 – 10:10,The Influence of Contour on Similarity Perception of Star Glyphs,Scene B,"Johannes Fuchs, Petra Isenberg, Anastasia Bezerianos, Fabian Fischer, Enrico Bertini",Papers
InfoVis,,8:30 – 10:10,Order of Magnitude Markers: An Empirical Study on Large Magnitude Number Detection,Scene B,"Rita Borgo, Joel Dearden, Mark W. Jones",Papers
,,,,,,
SciVis,,8:30 – 10:10,Maps and Topology,Scene A,Shigeo Takahashi,Papers Session
SciVis,,8:30 – 10:10,Visualizing 2-dimensional manifolds with curve handles in 4D,Scene A,"Hui Zhang, Jianguang Weng, Guangchen Ruan",Papers
SciVis,,8:30 – 10:10,Fast and Memory-Efficient Topological Denoising of 2D and 3D Scalar Fields,Scene A,"David Guenther, Alec Jacobson, Jan Reininghaus, Hans-Peter Seidel, Olga Sorkine-Hornung, Tino Weinkauf",Papers
SciVis,,8:30 – 10:10,Conforming Morse-Smale Complexes,Scene A,"Attila Gyulassy, David Guenther, Joshua A. Levine, Julien Tierny, Valerio Pascucci",Papers
SciVis,,8:30 – 10:10,Escape Maps,Scene A,"Gustavo Mello Machado, Filip Sadlo, Thomas Müller, Thomas Ertl",Papers
SciVis,,8:30 – 10:10,Visualization of Regular Maps: The Chase Continues,Scene A,Jarke J. van Wijk,Papers
,,,,,,
VAST,,10:30 – 12:10,Visual Analytics in Infrastructural and Environmental Applications,Scene C,Laura McNamara,Papers Session
VAST,,10:30 – 12:10,Visualizing Mobility of Public Transportation System,Scene C,"Wei Zeng, Chi-Wing Fu, Stefan Müller Arisona, Alexander Erath, Huamin Qu",Papers
VAST,,10:30 – 12:10,Visual Analysis of Public Utility Service Problems in a Metropolis,Scene C,"Jiawan Zhang, Yanli E, Jing Ma, Yahui Zhao, Binghan Xu, Liting Sun, Jinyan Chen, Xiaoru Yuan",Papers
VAST,,10:30 – 12:10,VASA: Interactive Computational Steering of Large Asynchronous Simulation Pipelines for Societal Infrastructure,Scene C,"Sungahn Ko, Jieqiong Zhao, Jing Xia, Xiaoyu Wang, Greg Abram, Niklas Elmqvist, Shaun Kennedy, Kelly Gaither, William Tolone, William Ribarsky, David Ebert",Papers
VAST,,10:30 – 12:10,Proactive Spatiotemporal Resource Allocation and Predictive Visual Analytics for Community Policing and Law Enforcement,Scene C,"Abish Malik, Ross Maciejewski, Sherry Towers, Sean McCullough, David Ebert",Papers
VAST,,10:30 – 12:10,Run Watchers: Automatic Simulation-Based Decision Support in Flood Management,Scene C,"Artem Konev, Jürgen Waser, Bernhard Sadransky, Daniel Cornel, Rui A. P. Perdigão, Zsolt Horváth, Eduard Gröller",Papers
,,,,,,
InfoVis,,10:30 – 12:10,Applications,Scene B,Miriah Meyer,Papers Session
InfoVis,,10:30 – 12:10,LiveGantt: Interactively Visualizing a Large Manufacturing Schedule,Scene B,"Jaemin Jo, Jaeseok Huh, Jonghun Park, Bohyoung Kim, Jinwook Seo",Papers
InfoVis,,10:30 – 12:10,TenniVis: Visualization for Tennis Match Analysis,Scene B,"Tom Polk, Jing Yang, Yueqi Hu, Ye Zhao",Papers
InfoVis,,10:30 – 12:10,Combing the Communication Hairball: Visualizing Large-Scale Parallel Execution Traces using Logical Time,Scene B,"Katherine Isaacs, Peer-Timo Bremer, Ilir Jusufi, Todd Gamblin, Abhinav Bhatele, Martin Schulz, Bernd Hamann",Papers
InfoVis,,10:30 – 12:10,MovExp: A Versatile Visualization Tool for Human-Computer Interaction Studies with 3D Performance and Biomechanical Data,Scene B,"Gregorio Palmas, Myroslav Bachynskyi, Antti Oulasvirta, Hans-Peter Seidel, Tino Weinkauf",Papers
InfoVis,HM,10:30 – 12:10,NeuroLines: A Subway Map Metaphor for Visualizing Nanoscale Neuronal Connectivity,Scene B,"Ali Al-Awami, Johanna Beyer, Hendrik Strobelt, Narayanan Kasthuri, Jeff W. Lichtman, Hanspeter Pfister, Markus Hadwiger",Papers
,,,,,,
SciVis,,10:30 – 12:10,Visual Integration and Design,Scene A,Xiaoru Yuan,Papers Session
SciVis,HM,10:30 – 12:10,City Forensics: Using Visual Elements to Predict Non-Visual City Attributes,Scene A,"Sean Arietta, Alexei Efros, Ravi Ramamoorthi, Maneesh Agrawala",Papers
SciVis,,10:30 – 12:10,Using Topological Analysis to Support Event-Guided Exploration in Urban Data,Scene A,"Harish Doraiswamy, Nivan Ferreira, Theodoros Damoulas, Juliana Freire, Claudio Silva",Papers
SciVis,,10:30 – 12:10,Activity Detection in Scientific Visualization,Scene A,"Sedat Ozer, Deborah Silver, Karen Bemis, Pino Martin",Papers
SciVis,,10:30 – 12:10,Trend-Centric Motion Visualization: Designing and Applying a new Strategy for Analyzing Scientific Motion Collections,Scene A,"David Schroeder, Fedor Korsakov, Carissa Mai-Ping Knipe, Lauren Thorson, Arin M. Ellingson, David Nuckley, John Carlis, Daniel F. Keefe",Papers
SciVis,,10:30 – 12:10,Curve Boxplot: Generalization of Boxplot for Ensembles of Curves,Scene A,"Mahsa Mirzargar, Ross Whitaker, Mike Kirby",Papers
,,,,,,
VAST,,14:00 – 15:40,Visual Analysis of Changes,Scene C,Zhicheng Liu,Papers Session
VAST,,14:00 – 15:40,Using Visualizations to Monitor Changes and Harvest Insights from a Global-Scale Logging Infrastructure at Twitter,Scene C,"Krist Wongsuphasawat, Jimmy Lin",Papers
VAST,,14:00 – 15:40,HydroQual: Visual Analysis of River Water Quality,Scene C,"Pierre Accorsi, Mickaël Fabrègue, Arnaud Sallaberry, Flavie Cernesson, Nathalie Lalande, Agnès Braud, Sandra Bringay, Florence Le Ber, Pascal Poncelet, Maguelonne Teisseire",Papers
VAST,,14:00 – 15:40,Vismate: Interactive Visual Analysis of Station-Based Observation Data on Climate Changes,Scene C,"Jie Li, Kang Zhang, Zhao-Peng Meng",Papers
VAST,,14:00 – 15:40,BoundarySeer: Visual Analysis of 2D Boundary Changes,Scene C,"Wenchao Wu, Yixian Zheng, Huamin Qu, Wei Chen, Eduard Gröller, Lionel Ni",Papers
VAST,,14:00 – 15:40,YMCA - Your Mesh Comparison Application,Scene C,"Johanna Schmidt, Reinhold Preiner, Thomas Auzinger, Michael Wimmer, Eduard Gröller, Stefan Bruckner",Papers
,,,,,,
VIS,,14:00 – 15:40,The Future of Visualization: Research and Industry,Scene B,"Danyel Fisher, Edouard Audit (CEA), Steven Drucker (Microsoft Research), Jean-Daniel Fekete (Inria), Dieter W. Fellner (Fraunhofer IGD), Jock Mackinlay (Tableau), Merry Wang (Autodesk)",Industry Presentation
,,,,,,
SciVis,,14:00 – 15:40,Data Transformation and COmparative Visualization,Scene A,Hans-Christian Hege,Papers Session
SciVis,,14:00 – 15:40,Volume-Preserving Mapping and Registration for Collective Data Visualization,Scene A,"Jiaxi Hu, Guangyu Jeff Zou, Jing Hua",Papers
SciVis,,14:00 – 15:40,Fixed-Rate Compressed Floating-Point Arrays,Scene A,Peter Lindstrom,Papers
SciVis,,14:00 – 15:40,Decomposition and Simplification of Multivariate Data using Pareto Sets,Scene A,"Lars Huettenberger, Christian Heine, Christoph Garth",Papers
SciVis,,14:00 – 15:40,Multi-Charts for Comparative 3D Ensemble Visualization,Scene A,"Ismail Demir, Christian Dick, Rüdiger Westermann",Papers
SciVis,,14:00 – 15:40,Stent maps – Comparative visualization for the prediction of adverse events of transcatheter aortic valve implantations,Scene A,"Silvia Born, Simon Sündermann, Christoph Russ, Raoul Hopf, Carlos Ruiz, Volkmar Falk, Michael Gessat",Papers
,,,,,,
VAST,,16:15 – 17:55,Visual Analysis of Semantic Meanings,Scene C,Jörn Kohlhammer,Papers Session
VAST,,16:15 – 17:55,Multi-Model Semantic Interaction for Text Analytics,Scene C,"Lauren Bradel, Chris North, Leanna House, Scotland Leman",Papers
VAST,,16:15 – 17:55,Serendip: Topic Model-Driven Visual Exploration of Text Corpora,Scene C,"Eric Alexander, Joe Kohlmann, Michael Witmore, Robin Valenza, Michael Gleicher",Papers
VAST,,16:15 – 17:55,TopicPanorama: a Full Picture of Relevant Topics,Scene C,"Shixia Liu, Xiting Wang, Jianfei Chen, Jun Zhu, Baining Guo",Papers
VAST,,16:15 – 17:55,Integrating Predictive Analytics and Social Media,Scene C,"Yafeng Lu, Robert Krueger, Dennis Thom, Feng Wang, Steffen Koch, Thomas Ertl, Ross Maciejewski",Papers
VAST,,16:15 – 17:55,PEARL: An Interactive Visual Analytic Tool for Understanding Personal Emotion Style Derived from Social Media,Scene C,"Jian Zhao, Liang Gou, Fei Wang, Michelle Zhou",Papers
,,,,,,
InfoVis,,16:15 – 17:55,Perception & Design,Scene B,Petra Isenberg,Papers Session
InfoVis,,16:15 – 17:55,Learning Perceptual Kernels for Visualization Design,Scene B,"Çağatay Demiralp, Michael Bernstein, Jeffrey Heer",Papers
InfoVis,,16:15 – 17:55,Ranking Visualization of Correlation Using Weber’s Law,Scene B,"Lane Harrison, Fumeng Yang, Steven Franconeri, Remco Chang",Papers
InfoVis,,16:15 – 17:55,"The Relation Between Visualization Size, Grouping, and User Performance",Scene B,"Connor Gramazio, Karen Schloss, David Laidlaw",Papers
InfoVis,,16:15 – 17:55,A Principled Way of Assessing Visualization Literacy,Scene B,"Jeremy Boy, Ronald Rensink, Enrico Bertini, Jean-Daniel Fekete",Papers
InfoVis,,16:15 – 17:55,Reinforcing Visual Grouping Cues to Communicate Complex Informational Structure,Scene B,"Juhee Bae, Benjamin Watson",Papers
,,,,,,
VIS,,16:15 – 17:55,2D vs 3D,Scene A,"Robert S. Laramee, Chuck Hansen, Silvia Miksch, Klaus Mueller, Bernhard Preim, Colin Ware",Panels
,,,,,,
,,Friday 14 November 2014,,,,
VIS,,8:00 – 8:30,Papers Fast Forward,,,Fast Forward
,,,,,,
VIS,,8:30 – 10:10,For Young Visualization Researchers: Words of Wisdom,Auditorium,"Georges Grinstein, Sheelagh Carpendale, Alfred Inselberg, Jim Foley, Ari Kaufman, Theresa-Marie Rhyne, Bernice Rogowitz, Ben Shneiderman",Panels
,,,,,,
VAST,,8:30 – 10:10,Visual Analytics in Scientific Applications,Scene C,Andreas Kerren,Papers Session
VAST,,8:30 – 10:10,ConTour: Data-Driven Exploration of Multi-Relational Datasets for Drug Discovery,Scene C,"Christian Partl, Alexander Lex, Marc Streit, Hendrik Strobelt, Anne-Mai Wassermann, Hanspeter Pfister, Dieter Schmalstieg",Papers
VAST,,8:30 – 10:10,Visual Analytics for Comparison of Ocean Model Output with Reference Data: Detecting and Analyzing Geophysical Processes Using Clustering Ensembles,Scene C,"Patrick Köthur, Mike Sips, Henryk Dobslaw, Doris Dransch",Papers
VAST,,8:30 – 10:10,Genotet: An Interactive Web-based Visual Exploration Framework to Support Validation of Gene Regulatory Networks,Scene C,"Bowen Yu, Harish Doraiswamy, Xi Chen, Emily Miraldi, Mario Luis Arrieta-Ortiz, Christoph Hafemeister, Aviv Madar, Richard Bonneau, Claudio Silva",Papers
VAST,,8:30 – 10:10,The Spinel Explorer - Interactive Visual Analysis of Spinel Group Minerals,Scene C,"M. Luján Ganuza, Gabriela R. Ferracutti, M. Florencia Gargiulo, Silvia M. Castro, Ernesto A. Bjerg, Eduard Gröller, Krešimir Matković",Papers
VAST,,8:30 – 10:10,Visual Reconciliation of Alternative Similarity Spaces in Climate Modeling,Scene C,"Jorge Poco, Aritra Dasgupta, Yaxing Wei, William Hargrove, Christopher Schwalm, Deborah Huntzinger, Robert Cook, Enrico Bertini, Claudio Silva",Papers
,,,,,,
InfoVis,,8:30 – 10:10,"Documents, Search & Images",Scene B,Martin Wattenberg,Papers Session
InfoVis,,8:30 – 10:10,"Overview: The Design, Adoption, and Analysis of a Visual Document Mining Tool For Investigative Journalists",Scene B,"Matthew Brehmer, Stephen Ingram, Jonathan Stray, Tamara Munzner",Papers
InfoVis,,8:30 – 10:10,How Hierarchical Topics Evolve in Large Text Corpora,Scene B,"Weiwei Cui, Shixia Liu, Zhuofeng Wu, Hao Wei",Papers
InfoVis,,8:30 – 10:10,Exploring the Placement and Design of Word-Scale Visualizations,Scene B,"Pascal Goffin, Wesley Willett, Jean-Daniel Fekete, Petra Isenberg",Papers
InfoVis,,8:30 – 10:10,Similarity Preserving Snippet-Based Visualization of Web Search Results,Scene B,"Erick Gomez-Nieto, Frizzi San Roman, Paulo Pagliosa, Wallace Casaca, Elias S. Helou, Maria Cristina Ferreira de Oliveira, Luis Gustavo Nonato",Papers
InfoVis,,8:30 – 10:10,Effects of Presentation Mode and Pace Control on Performance in Image Classification,Scene B,"Paul van der Corput, Jarke J. van Wijk",Papers
,,,,,,
SciVis,,8:30 – 10:10,Video and High Dimensional Data,Scene A,Wei Chen,Papers Session
SciVis,,8:30 – 10:10,A Structure-Based Distance Metric for High-Dimensional Space Exploration with Multi-Dimensional Scaling,Scene A,"J. Lee, K. McDonnell, A. Zelenyuk, D. Imre, K. Mueller",Papers
SciVis,,8:30 – 10:10,An Approach to Supporting Incremental Visual Data Classification,Scene A,"Jose Gustavo S. Paiva, William Robson Schwartz, Helio Pedrini, Rosane Minghim",Papers
SciVis,,8:30 – 10:10,Glyph-Based Video Visualization for Semen Analysis,Scene A,"Brian Duffy, Jeyarajan Thiyagalingam, Simon Walton, David J. Smith, Anne Trefethen, Jackson C. Kirkman-Brown, Eamonn A. Gaffney, Min Chen",Papers
SciVis,,8:30 – 10:10,The Impact of Interactivity on Comprehending 2D and 3D Visualizations of Movement Data,Scene A,"Fereshteh Amini, Sébastien Rufiange, Zahid Hossain, Quentin Ventura, Pourang Irani, Michael J. McGuffin",Papers
SciVis,,8:30 – 10:10,GazeVis: Interactive 3D Gaze Visualization for Contiguous Cross-sectional Medical Images,Scene A,"Hyunjoo Song, Jihye Yun, Bohyoung Kim, Jinwook Seo",Papers
,,,,,,
VIS,,10:30 – 11:30,Understanding and Conveying Events,Scene ABC,Barbara Tversky,Capstone
,,,,,,
VIS,, 11:30 – 12:00,VIS Closing,Scene ABC,,Closing